<?xml version="1.0" encoding="utf-8"?>
<ode><userPreferences><userPreference><key>theme</key><value>base</value></userPreference></userPreferences><odeResources><odeResource><key>odeVersionId</key><value>20251123211356XPLVWE</value></odeResource><odeResource><key>odeId</key><value>20251123181051OADDSF</value></odeResource><odeResource><key>odeVersionName</key><value>0</value></odeResource><odeResource><key>isDownload</key><value>true</value></odeResource></odeResources><odeProperties><odeProperty><key>pp_title</key><value>CONCRECCIÓN CURRICULAR de la SdA Let them speak</value></odeProperty><odeProperty><key>pp_lang</key><value/></odeProperty><odeProperty><key>pp_author</key><value/></odeProperty><odeProperty><key>license</key><value>creative commons: attribution - share alike 4.0</value></odeProperty><odeProperty><key>pp_description</key><value/></odeProperty><odeProperty><key>exportSource</key><value>true</value></odeProperty><odeProperty><key>pp_addExeLink</key><value>true</value></odeProperty><odeProperty><key>pp_exportElp</key><value>false</value></odeProperty><odeProperty><key>pp_addPagination</key><value>false</value></odeProperty><odeProperty><key>pp_addSearchBox</key><value>false</value></odeProperty><odeProperty><key>pp_addAccessibilityToolbar</key><value>false</value></odeProperty><odeProperty><key>pp_extraHeadContent</key><value/></odeProperty><odeProperty><key>footer</key><value/></odeProperty></odeProperties><odeNavStructures><odeNavStructure><odePageId>20251123211357EDUJBS</odePageId><odeParentPageId/><pageName>Título. Descripción de la SdA.</pageName><odeNavStructureOrder>1</odeNavStructureOrder><odeNavStructureProperties><odeNavStructureProperty><key>titleNode</key><value>Título. Descripción de la SdA.</value></odeNavStructureProperty><odeNavStructureProperty><key>titleHtml</key><value/></odeNavStructureProperty><odeNavStructureProperty><key>editableInPage</key><value>false</value></odeNavStructureProperty><odeNavStructureProperty><key>titlePage</key><value>Título. Descripción de la SdA.</value></odeNavStructureProperty><odeNavStructureProperty><key>visibility</key><value>true</value></odeNavStructureProperty><odeNavStructureProperty><key>description</key><value/></odeNavStructureProperty></odeNavStructureProperties><odePagStructures><odePagStructure><odePageId>20251123211357EDUJBS</odePageId><odeBlockId>20251123211357GKKQGD</odeBlockId><blockName>Texto</blockName><iconName/><odePagStructureOrder>1</odePagStructureOrder><odePagStructureProperties><odePagStructureProperty><key>visibility</key><value>true</value></odePagStructureProperty><odePagStructureProperty><key>teacherOnly</key><value>false</value></odePagStructureProperty><odePagStructureProperty><key>allowToggle</key><value>true</value></odePagStructureProperty><odePagStructureProperty><key>minimized</key><value>false</value></odePagStructureProperty><odePagStructureProperty><key>identifier</key><value/></odePagStructureProperty><odePagStructureProperty><key>cssClass</key><value/></odePagStructureProperty></odePagStructureProperties><odeComponents><odeComponent><odePageId>20251123211357EDUJBS</odePageId><odeBlockId>20251123211357GKKQGD</odeBlockId><odeIdeviceId>20251123192110877UBH</odeIdeviceId><odeIdeviceTypeName>text</odeIdeviceTypeName><htmlView>&lt;div class="exe-text-template"&gt;&lt;div class="textIdeviceContent"&gt;
            &lt;div class="exe-text-activity"&gt;
                &lt;div&gt;&lt;p&gt;Esta situación de aprendizaje está diseñada para un grupo de 2º de la ESO la materia inglés. Vamos a escribir biografías sobre mujeres famosas en la historia y vamos a darles voz a través de avatares que narrarán sus propias vidas.&lt;/p&gt;
&lt;p&gt;El alumnado trabajará de forma individual, en pareja y en equipos.&lt;/p&gt;
&lt;p&gt;El número de sesiones serán 12.&lt;/p&gt;
&lt;p&gt;El alumnado creará una infografía con información para escribir una biografía en inglés y creará un vídeo con una avatar de la mujer que ha elegido contando su propia vida.&amp;nbsp;&lt;/p&gt;&lt;p class="clearfix"&gt;&lt;/p&gt;&lt;/div&gt;
            &lt;/div&gt;&lt;/div&gt;&lt;/div&gt;</htmlView><jsonProperties>{"ideviceId":"20251123192110877UBH","textInfoDurationInput":"","textInfoDurationTextInput":"Duración","textInfoParticipantsInput":"","textInfoParticipantsTextInput":"Agrupamiento","textTextarea":"&lt;p&gt;Esta situación de aprendizaje está diseñada para un grupo de 2º de la ESO la materia inglés. Vamos a escribir biografías sobre mujeres famosas en la historia y vamos a darles voz a través de avatares que narrarán sus propias vidas.&lt;/p&gt;\n&lt;p&gt;El alumnado trabajará de forma individual, en pareja y en equipos.&lt;/p&gt;\n&lt;p&gt;El número de sesiones serán 12.&lt;/p&gt;\n&lt;p&gt;El alumnado creará una infografía con información para escribir una biografía en inglés y creará un vídeo con una avatar de la mujer que ha elegido contando su propia vida. &lt;/p&gt;","textFeedbackInput":"Mostrar retroalimentación","textFeedbackTextarea":""}</jsonProperties><odeComponentsOrder>1</odeComponentsOrder><odeComponentsProperties><odeComponentsProperty><key>visibility</key><value>true</value></odeComponentsProperty><odeComponentsProperty><key>teacherOnly</key><value>false</value></odeComponentsProperty><odeComponentsProperty><key>identifier</key><value/></odeComponentsProperty><odeComponentsProperty><key>cssClass</key><value/></odeComponentsProperty></odeComponentsProperties></odeComponent></odeComponents></odePagStructure></odePagStructures></odeNavStructure><odeNavStructure><odePageId>20251123211357NAOMWA</odePageId><odeParentPageId>20251123211357EDUJBS</odeParentPageId><pageName>Intención Educativa</pageName><odeNavStructureOrder>1</odeNavStructureOrder><odeNavStructureProperties><odeNavStructureProperty><key>titleNode</key><value/></odeNavStructureProperty><odeNavStructureProperty><key>titleHtml</key><value/></odeNavStructureProperty><odeNavStructureProperty><key>editableInPage</key><value>false</value></odeNavStructureProperty><odeNavStructureProperty><key>titlePage</key><value>Intención Educativa</value></odeNavStructureProperty><odeNavStructureProperty><key>visibility</key><value>true</value></odeNavStructureProperty><odeNavStructureProperty><key>description</key><value/></odeNavStructureProperty></odeNavStructureProperties><odePagStructures><odePagStructure><odePageId>20251123211357NAOMWA</odePageId><odeBlockId>20251123211357FSNYRC</odeBlockId><blockName>Texto</blockName><iconName/><odePagStructureOrder>1</odePagStructureOrder><odePagStructureProperties><odePagStructureProperty><key>visibility</key><value>true</value></odePagStructureProperty><odePagStructureProperty><key>teacherOnly</key><value>false</value></odePagStructureProperty><odePagStructureProperty><key>allowToggle</key><value>true</value></odePagStructureProperty><odePagStructureProperty><key>minimized</key><value>false</value></odePagStructureProperty><odePagStructureProperty><key>identifier</key><value/></odePagStructureProperty><odePagStructureProperty><key>cssClass</key><value/></odePagStructureProperty></odePagStructureProperties><odeComponents><odeComponent><odePageId>20251123211357NAOMWA</odePageId><odeBlockId>20251123211357FSNYRC</odeBlockId><odeIdeviceId>20251123192528388SVT</odeIdeviceId><odeIdeviceTypeName>text</odeIdeviceTypeName><htmlView>&lt;div class="exe-text-template"&gt;&lt;div class="textIdeviceContent"&gt;
            &lt;div class="exe-text-activity"&gt;
                &lt;div&gt;&lt;p&gt;&lt;strong&gt;Justificación de su desarrollo&amp;nbsp; e impacto deseado:&lt;/strong&gt;&lt;/p&gt;
&lt;p&gt;¿Cuál es el estímulo o reto propuesto que se plantea para esta SA? En las situaciones de aprendizaje anteriores nos hemos conocido mejor y hemos hablado de nuestro entorno, rutinas e intereses. Ahora es momento de mirar hacia atrás y buscar personas que nos inspiren. &amp;nbsp;&lt;br&gt;&amp;nbsp;&lt;br&gt;¿Qué pretendemos que alcance el alumnado con SA?. Pretendemos que al final de esta SA nuestro alumnado elija una mujer importante en la historia y le de visibilidad investigando sobre su biografía y sus logros. &amp;nbsp;&lt;br&gt;&amp;nbsp;&lt;br&gt;¿Cuál es el producto o productos finales del alumnado? El producto final será un avatar de una mujer importante de la historia que habla sobre si misma en primera persona sobre su contribución al ámbito en el fue experta.&amp;nbsp;&lt;/p&gt;
&lt;p&gt;&lt;strong&gt;Relación de la SdA con los ODS y retos del siglo XXI:&lt;/strong&gt;&lt;/p&gt;
&lt;p&gt;Esta SA contribuye a alcanzar el reto del siglo XXI: (4) Desarrollar un espíritu crítico, empático y proactivo para detectar situaciones de inequidad y exclusión a partir de la comprensión de las causas complejas que las originan. &amp;nbsp;&amp;nbsp;&lt;br&gt;&amp;nbsp;&lt;br&gt;Y está en relación con el ODS: &amp;nbsp;&lt;br&gt;(5) Lograr la igualdad entre los géneros y empoderar a todas las mujeres y las niñas&amp;nbsp;&lt;/p&gt;&lt;p class="clearfix"&gt;&lt;/p&gt;&lt;/div&gt;
            &lt;/div&gt;&lt;/div&gt;&lt;/div&gt;</htmlView><jsonProperties>{"ideviceId":"20251123192528388SVT","textInfoDurationInput":"","textInfoDurationTextInput":"Duración","textInfoParticipantsInput":"","textInfoParticipantsTextInput":"Agrupamiento","textTextarea":"&lt;p&gt;&lt;strong&gt;Justificación de su desarrollo  e impacto deseado:&lt;/strong&gt;&lt;/p&gt;\n&lt;p&gt;¿Cuál es el estímulo o reto propuesto que se plantea para esta SA? En las situaciones de aprendizaje anteriores nos hemos conocido mejor y hemos hablado de nuestro entorno, rutinas e intereses. Ahora es momento de mirar hacia atrás y buscar personas que nos inspiren.  &lt;br /&gt; &lt;br /&gt;¿Qué pretendemos que alcance el alumnado con SA?. Pretendemos que al final de esta SA nuestro alumnado elija una mujer importante en la historia y le de visibilidad investigando sobre su biografía y sus logros.  &lt;br /&gt; &lt;br /&gt;¿Cuál es el producto o productos finales del alumnado? El producto final será un avatar de una mujer importante de la historia que habla sobre si misma en primera persona sobre su contribución al ámbito en el fue experta. &lt;/p&gt;\n&lt;p&gt;&lt;strong&gt;Relación de la SdA con los ODS y retos del siglo XXI:&lt;/strong&gt;&lt;/p&gt;\n&lt;p&gt;Esta SA contribuye a alcanzar el reto del siglo XXI: (4) Desarrollar un espíritu crítico, empático y proactivo para detectar situaciones de inequidad y exclusión a partir de la comprensión de las causas complejas que las originan.   &lt;br /&gt; &lt;br /&gt;Y está en relación con el ODS:  &lt;br /&gt;(5) Lograr la igualdad entre los géneros y empoderar a todas las mujeres y las niñas &lt;/p&gt;","textFeedbackInput":"Mostrar retroalimentación","textFeedbackTextarea":""}</jsonProperties><odeComponentsOrder>1</odeComponentsOrder><odeComponentsProperties><odeComponentsProperty><key>visibility</key><value>true</value></odeComponentsProperty><odeComponentsProperty><key>teacherOnly</key><value>false</value></odeComponentsProperty><odeComponentsProperty><key>identifier</key><value/></odeComponentsProperty><odeComponentsProperty><key>cssClass</key><value/></odeComponentsProperty></odeComponentsProperties></odeComponent></odeComponents></odePagStructure></odePagStructures></odeNavStructure><odeNavStructure><odePageId>20251123211357XDOFEW</odePageId><odeParentPageId>20251123211357EDUJBS</odeParentPageId><pageName>Elementos Curriculares</pageName><odeNavStructureOrder>2</odeNavStructureOrder><odeNavStructureProperties><odeNavStructureProperty><key>titleNode</key><value/></odeNavStructureProperty><odeNavStructureProperty><key>titleHtml</key><value/></odeNavStructureProperty><odeNavStructureProperty><key>editableInPage</key><value>false</value></odeNavStructureProperty><odeNavStructureProperty><key>titlePage</key><value>Elementos Curriculares</value></odeNavStructureProperty><odeNavStructureProperty><key>visibility</key><value>true</value></odeNavStructureProperty><odeNavStructureProperty><key>description</key><value/></odeNavStructureProperty></odeNavStructureProperties><odePagStructures><odePagStructure><odePageId>20251123211357XDOFEW</odePageId><odeBlockId>20251123211357KRHAPB</odeBlockId><blockName>Texto</blockName><iconName/><odePagStructureOrder>1</odePagStructureOrder><odePagStructureProperties><odePagStructureProperty><key>visibility</key><value>true</value></odePagStructureProperty><odePagStructureProperty><key>teacherOnly</key><value>false</value></odePagStructureProperty><odePagStructureProperty><key>allowToggle</key><value>true</value></odePagStructureProperty><odePagStructureProperty><key>minimized</key><value>false</value></odePagStructureProperty><odePagStructureProperty><key>identifier</key><value/></odePagStructureProperty><odePagStructureProperty><key>cssClass</key><value/></odePagStructureProperty></odePagStructureProperties><odeComponents><odeComponent><odePageId>20251123211357XDOFEW</odePageId><odeBlockId>20251123211357KRHAPB</odeBlockId><odeIdeviceId>20251123194227694JRL</odeIdeviceId><odeIdeviceTypeName>text</odeIdeviceTypeName><htmlView>&lt;div class="exe-text-template"&gt;&lt;div class="textIdeviceContent"&gt;
            &lt;div class="exe-text-activity"&gt;
                &lt;div&gt;&lt;ul&gt;
&lt;li&gt;&lt;strong&gt;&lt;em&gt;Competencias Claves:&lt;/em&gt;&lt;/strong&gt;&lt;/li&gt;
&lt;/ul&gt;
&lt;p&gt;Esta SdA contribuye a desarrollar principalmente la &lt;strong&gt;Competencia Plurilingüe&lt;/strong&gt; (CP) y la &lt;strong&gt;Competencia en Comunicación Lingüística &lt;/strong&gt;(CCL). Se trabajarán los siguientes descriptores del perfil de salida: &lt;strong&gt;CCL1, CCL2, CCL3, CP1, CP2, STEM1, CD1, &amp;nbsp;CD2, CPSAA5, CE1, CCEC2 y CCEC3.&lt;/strong&gt;&amp;nbsp;&lt;/p&gt;
&lt;ul&gt;
&lt;li&gt;&lt;strong&gt;&lt;em&gt;Competencias Específicas:&amp;nbsp;&lt;/em&gt;&lt;/strong&gt;&lt;/li&gt;
&lt;/ul&gt;
&lt;p&gt;&lt;em&gt;&lt;strong&gt;Competencia específica 1. &lt;/strong&gt;&lt;/em&gt;&amp;nbsp;&lt;br&gt;Comprender e interpretar el sentido general y los detalles más relevantes de textos expresados de forma clara y en la lengua estándar, buscando fuentes fiables y haciendo uso de estrategias como la inferencia de significados, para responder a necesidades comunicativas concretas.&amp;nbsp;&lt;/p&gt;
&lt;p&gt;&lt;em&gt;&lt;strong&gt;Competencia específica 2. &lt;/strong&gt;&lt;/em&gt;&amp;nbsp;&lt;br&gt;Producir textos originales, de extensión media, sencillos y con una organización clara, usando estrategias tales como la planificación, la compensación o la autorreparación, para expresar de forma creativa, adecuada y coherente mensajes relevantes y responder a propósitos comunicativos concretos.&amp;nbsp;&lt;/p&gt;
&lt;ul&gt;
&lt;li&gt;&lt;em&gt;&lt;strong&gt;Saberes Básicos:&lt;/strong&gt;&lt;/em&gt;&lt;/li&gt;
&lt;/ul&gt;
&lt;p&gt;&amp;nbsp;&lt;strong&gt;Bloque A. Comunicación&amp;nbsp;&lt;/strong&gt;&lt;br&gt;-Autoconfianza. El error como instrumento de mejora y propuesta de reparación. &amp;nbsp;&lt;br&gt;-Funciones comunicativas básicas adecuadas al ámbito y al contexto comunicativo: saludar y despedirse, presentar y presentarse; describir personas, objetos y lugares; situar eventos en el tiempo; expresar el gusto o el interés y emociones básicas; narrar acontecimientos pasados.&lt;br&gt;&amp;nbsp;&amp;nbsp;&lt;br&gt;-Unidades lingüísticas básicas y significados asociados a dichas unidades tales como la expresión de la entidad y sus propiedades, cantidad y cualidad, el espacio y las relaciones espaciales, el tiempo y las relaciones temporales, la afirmación, la negación, la interrogación y la exclamación, relaciones lógicas básicas.&amp;nbsp;&lt;br&gt;&amp;nbsp;&lt;br&gt;-Léxico de uso común y de interés para el alumnado relativo a la identificación personal, relaciones interpersonales, lugares y entornos cercanos, ocio y tiempo libre, vida cotidiana, escuela, trabajo y ocupaciones, salud y actividad física, vivienda y hogar, clima y entorno natural, tecnologías de la información y la comunicación.&amp;nbsp;&lt;br&gt;&amp;nbsp;&lt;br&gt;-Patrones sonoros, acentuales, rítmicos y de entonación básicos, y significados e intenciones comunicativas generales asociadas a dichos patrones.&amp;nbsp;&lt;br&gt;&amp;nbsp;&lt;br&gt;-Convenciones ortográficas básicas y significados e intenciones comunicativas asociados a los formatos, patrones y elementos gráficos.&amp;nbsp;&lt;br&gt;&amp;nbsp;&amp;nbsp;&lt;br&gt;-Recursos para el aprendizaje y estrategias básicas de búsqueda de información: diccionarios, libros de consulta, bibliotecas, recursos digitales e informáticos, etc.&amp;nbsp;&lt;br&gt;&amp;nbsp;&lt;br&gt;-Identificación de la autoría de las fuentes consultadas y los contenidos utilizados.&amp;nbsp;&lt;br&gt;&amp;nbsp;&lt;br&gt;-Herramientas analógicas y digitales básicas para la comprensión, producción y coproducción oral, escrita y multimodal; y plataformas virtuales de interacción, cooperación y colaboración educativa (aulas virtuales, videoconferencias, herramientas digitales colaborativas, etc.) para el aprendizaje, la comunicación y el desarrollo de proyectos con hablantes o estudiantes de la lengua extranjera.&amp;nbsp;&lt;br&gt;&amp;nbsp;&lt;br&gt;&lt;strong&gt;B. Plurilingüismo&amp;nbsp;&lt;/strong&gt;&lt;br&gt;-Estrategias y herramientas básicas, analógicas y digitales, individuales y cooperativas, de autoevaluación y coevaluación.&amp;nbsp;&lt;br&gt;&amp;nbsp;&amp;nbsp;&lt;br&gt;&lt;strong&gt;C. Interculturalidad&amp;nbsp;&lt;/strong&gt;&lt;br&gt;&amp;nbsp;&lt;br&gt;-La lengua extranjera como medio de comunicación interpersonal e internacional, como fuente de información y como herramienta para el enriquecimiento personal.&amp;nbsp;&lt;br&gt;&amp;nbsp;&lt;br&gt;&lt;/p&gt;
&lt;ul&gt;
&lt;li&gt;&lt;strong&gt;&lt;em&gt;Criterios de Evaluación relacionados:&lt;/em&gt;&lt;/strong&gt;&lt;/li&gt;
&lt;/ul&gt;
&lt;p&gt;&lt;strong&gt;1.1&lt;/strong&gt;.Interpretar y analizar el sentido global y la información específica y explícita de textos orales, escritos y multimodales breves y sencillos sobre temas frecuentes y cotidianos, de relevancia personal y próximos a la experiencia del alumnado, propios de los ámbitos de las relaciones interpersonales, del aprendizaje, de los medios de comunicación y de la ficción, expresados de forma clara y en la lengua estándar a través de diversos soportes.&amp;nbsp;&lt;br&gt;&amp;nbsp;&lt;br&gt;&lt;strong&gt;1.2.&lt;/strong&gt;Seleccionar, organizar y aplicar de forma guiada las estrategias y conocimientos más adecuados en situaciones comunicativas cotidianas para comprender el sentido general, la información esencial y los detalles más relevantes de los textos; interpretar elementos no verbales; y buscar y seleccionar información.&amp;nbsp;&lt;/p&gt;
&lt;p&gt;&lt;br&gt;&lt;strong&gt;2.1.&lt;/strong&gt;Expresar oralmente textos breves, sencillos, estructurados, comprensibles y adecuados a la situación comunicativa sobre asuntos cotidianos y frecuentes, de relevancia para el alumnado, con el fin de describir, narrar e informar sobre temas concretos, en diferentes soportes, utilizando de forma guiada recursos verbales y no verbales, así como estrategias de planificación y control de la producción.&amp;nbsp;&lt;/p&gt;
&lt;p&gt;&lt;br&gt;&lt;strong&gt;2.2. &lt;/strong&gt;Organizar y redactar textos breves y comprensibles, siguiendo pautas establecidas, sobre asuntos cotidianos y frecuentes, de relevancia para el alumnado y próximos a su experiencia, con aceptable claridad, coherencia, cohesión y adecuación a la situación comunicativa propuesta mediante el uso de herramientas analógicas y digitales.&amp;nbsp;&lt;/p&gt;
&lt;p&gt;&lt;br&gt;&lt;strong&gt;2.3. &lt;/strong&gt;Seleccionar, organizar y aplicar de forma guiada conocimientos y estrategias para planificar, producir y revisar textos comprensibles, coherentes y adecuados a las intenciones comunicativas, a las características contextuales y a la tipología textual, usando con ayuda los recursos físicos o digitales más adecuados en función de la tarea y las necesidades de cada momento, teniendo en cuenta las personas a quienes va dirigido el texto.&amp;nbsp;&lt;/p&gt;&lt;p class="clearfix"&gt;&lt;/p&gt;&lt;/div&gt;
            &lt;/div&gt;&lt;/div&gt;&lt;/div&gt;</htmlView><jsonProperties>{"ideviceId":"20251123194227694JRL","textInfoDurationInput":"","textInfoDurationTextInput":"Duración","textInfoParticipantsInput":"","textInfoParticipantsTextInput":"Agrupamiento","textTextarea":"&lt;ul&gt;\n&lt;li&gt;&lt;strong&gt;&lt;em&gt;Competencias Claves:&lt;/em&gt;&lt;/strong&gt;&lt;/li&gt;\n&lt;/ul&gt;\n&lt;p&gt;Esta SdA contribuye a desarrollar principalmente la &lt;strong&gt;Competencia Plurilingüe&lt;/strong&gt; (CP) y la &lt;strong&gt;Competencia en Comunicación Lingüística &lt;/strong&gt;(CCL). Se trabajarán los siguientes descriptores del perfil de salida: &lt;strong&gt;CCL1, CCL2, CCL3, CP1, CP2, STEM1, CD1,  CD2, CPSAA5, CE1, CCEC2 y CCEC3.&lt;/strong&gt; &lt;/p&gt;\n&lt;ul&gt;\n&lt;li&gt;&lt;strong&gt;&lt;em&gt;Competencias Específicas: &lt;/em&gt;&lt;/strong&gt;&lt;/li&gt;\n&lt;/ul&gt;\n&lt;p&gt;&lt;em&gt;&lt;strong&gt;Competencia específica 1. &lt;/strong&gt;&lt;/em&gt; &lt;br /&gt;Comprender e interpretar el sentido general y los detalles más relevantes de textos expresados de forma clara y en la lengua estándar, buscando fuentes fiables y haciendo uso de estrategias como la inferencia de significados, para responder a necesidades comunicativas concretas. &lt;/p&gt;\n&lt;p&gt;&lt;em&gt;&lt;strong&gt;Competencia específica 2. &lt;/strong&gt;&lt;/em&gt; &lt;br /&gt;Producir textos originales, de extensión media, sencillos y con una organización clara, usando estrategias tales como la planificación, la compensación o la autorreparación, para expresar de forma creativa, adecuada y coherente mensajes relevantes y responder a propósitos comunicativos concretos. &lt;/p&gt;\n&lt;ul&gt;\n&lt;li&gt;&lt;em&gt;&lt;strong&gt;Saberes Básicos:&lt;/strong&gt;&lt;/em&gt;&lt;/li&gt;\n&lt;/ul&gt;\n&lt;p&gt; &lt;strong&gt;Bloque A. Comunicación &lt;/strong&gt;&lt;br /&gt;-Autoconfianza. El error como instrumento de mejora y propuesta de reparación.  &lt;br /&gt;-Funciones comunicativas básicas adecuadas al ámbito y al contexto comunicativo: saludar y despedirse, presentar y presentarse; describir personas, objetos y lugares; situar eventos en el tiempo; expresar el gusto o el interés y emociones básicas; narrar acontecimientos pasados.&lt;br /&gt;  &lt;br /&gt;-Unidades lingüísticas básicas y significados asociados a dichas unidades tales como la expresión de la entidad y sus propiedades, cantidad y cualidad, el espacio y las relaciones espaciales, el tiempo y las relaciones temporales, la afirmación, la negación, la interrogación y la exclamación, relaciones lógicas básicas. &lt;br /&gt; &lt;br /&gt;-Léxico de uso común y de interés para el alumnado relativo a la identificación personal, relaciones interpersonales, lugares y entornos cercanos, ocio y tiempo libre, vida cotidiana, escuela, trabajo y ocupaciones, salud y actividad física, vivienda y hogar, clima y entorno natural, tecnologías de la información y la comunicación. &lt;br /&gt; &lt;br /&gt;-Patrones sonoros, acentuales, rítmicos y de entonación básicos, y significados e intenciones comunicativas generales asociadas a dichos patrones. &lt;br /&gt; &lt;br /&gt;-Convenciones ortográficas básicas y significados e intenciones comunicativas asociados a los formatos, patrones y elementos gráficos. &lt;br /&gt;  &lt;br /&gt;-Recursos para el aprendizaje y estrategias básicas de búsqueda de información: diccionarios, libros de consulta, bibliotecas, recursos digitales e informáticos, etc. &lt;br /&gt; &lt;br /&gt;-Identificación de la autoría de las fuentes consultadas y los contenidos utilizados. &lt;br /&gt; &lt;br /&gt;-Herramientas analógicas y digitales básicas para la comprensión, producción y coproducción oral, escrita y multimodal; y plataformas virtuales de interacción, cooperación y colaboración educativa (aulas virtuales, videoconferencias, herramientas digitales colaborativas, etc.) para el aprendizaje, la comunicación y el desarrollo de proyectos con hablantes o estudiantes de la lengua extranjera. &lt;br /&gt; &lt;br /&gt;&lt;strong&gt;B. Plurilingüismo &lt;/strong&gt;&lt;br /&gt;-Estrategias y herramientas básicas, analógicas y digitales, individuales y cooperativas, de autoevaluación y coevaluación. &lt;br /&gt;  &lt;br /&gt;&lt;strong&gt;C. Interculturalidad &lt;/strong&gt;&lt;br /&gt; &lt;br /&gt;-La lengua extranjera como medio de comunicación interpersonal e internacional, como fuente de información y como herramienta para el enriquecimiento personal. &lt;br /&gt; &lt;br /&gt;&lt;/p&gt;\n&lt;ul&gt;\n&lt;li&gt;&lt;strong&gt;&lt;em&gt;Criterios de Evaluación relacionados:&lt;/em&gt;&lt;/strong&gt;&lt;/li&gt;\n&lt;/ul&gt;\n&lt;p&gt;&lt;strong&gt;1.1&lt;/strong&gt;.Interpretar y analizar el sentido global y la información específica y explícita de textos orales, escritos y multimodales breves y sencillos sobre temas frecuentes y cotidianos, de relevancia personal y próximos a la experiencia del alumnado, propios de los ámbitos de las relaciones interpersonales, del aprendizaje, de los medios de comunicación y de la ficción, expresados de forma clara y en la lengua estándar a través de diversos soportes. &lt;br /&gt; &lt;br /&gt;&lt;strong&gt;1.2.&lt;/strong&gt;Seleccionar, organizar y aplicar de forma guiada las estrategias y conocimientos más adecuados en situaciones comunicativas cotidianas para comprender el sentido general, la información esencial y los detalles más relevantes de los textos; interpretar elementos no verbales; y buscar y seleccionar información. &lt;/p&gt;\n&lt;p&gt;&lt;br /&gt;&lt;strong&gt;2.1.&lt;/strong&gt;Expresar oralmente textos breves, sencillos, estructurados, comprensibles y adecuados a la situación comunicativa sobre asuntos cotidianos y frecuentes, de relevancia para el alumnado, con el fin de describir, narrar e informar sobre temas concretos, en diferentes soportes, utilizando de forma guiada recursos verbales y no verbales, así como estrategias de planificación y control de la producción. &lt;/p&gt;\n&lt;p&gt;&lt;br /&gt;&lt;strong&gt;2.2. &lt;/strong&gt;Organizar y redactar textos breves y comprensibles, siguiendo pautas establecidas, sobre asuntos cotidianos y frecuentes, de relevancia para el alumnado y próximos a su experiencia, con aceptable claridad, coherencia, cohesión y adecuación a la situación comunicativa propuesta mediante el uso de herramientas analógicas y digitales. &lt;/p&gt;\n&lt;p&gt;&lt;br /&gt;&lt;strong&gt;2.3. &lt;/strong&gt;Seleccionar, organizar y aplicar de forma guiada conocimientos y estrategias para planificar, producir y revisar textos comprensibles, coherentes y adecuados a las intenciones comunicativas, a las características contextuales y a la tipología textual, usando con ayuda los recursos físicos o digitales más adecuados en función de la tarea y las necesidades de cada momento, teniendo en cuenta las personas a quienes va dirigido el texto. &lt;/p&gt;","textFeedbackInput":"Mostrar retroalimentación","textFeedbackTextarea":""}</jsonProperties><odeComponentsOrder>1</odeComponentsOrder><odeComponentsProperties><odeComponentsProperty><key>visibility</key><value>true</value></odeComponentsProperty><odeComponentsProperty><key>teacherOnly</key><value>false</value></odeComponentsProperty><odeComponentsProperty><key>identifier</key><value/></odeComponentsProperty><odeComponentsProperty><key>cssClass</key><value/></odeComponentsProperty></odeComponentsProperties></odeComponent></odeComponents></odePagStructure></odePagStructures></odeNavStructure><odeNavStructure><odePageId>20251123211357GWWXXK</odePageId><odeParentPageId>20251123211357EDUJBS</odeParentPageId><pageName>Metodologías Activas:</pageName><odeNavStructureOrder>3</odeNavStructureOrder><odeNavStructureProperties><odeNavStructureProperty><key>titleNode</key><value/></odeNavStructureProperty><odeNavStructureProperty><key>titleHtml</key><value/></odeNavStructureProperty><odeNavStructureProperty><key>editableInPage</key><value>false</value></odeNavStructureProperty><odeNavStructureProperty><key>titlePage</key><value>Metodologías Activas:</value></odeNavStructureProperty><odeNavStructureProperty><key>visibility</key><value>true</value></odeNavStructureProperty><odeNavStructureProperty><key>description</key><value/></odeNavStructureProperty></odeNavStructureProperties><odePagStructures><odePagStructure><odePageId>20251123211357GWWXXK</odePageId><odeBlockId>20251123211357WQOKVH</odeBlockId><blockName>Texto</blockName><iconName/><odePagStructureOrder>1</odePagStructureOrder><odePagStructureProperties><odePagStructureProperty><key>visibility</key><value>true</value></odePagStructureProperty><odePagStructureProperty><key>teacherOnly</key><value>false</value></odePagStructureProperty><odePagStructureProperty><key>allowToggle</key><value>true</value></odePagStructureProperty><odePagStructureProperty><key>minimized</key><value>false</value></odePagStructureProperty><odePagStructureProperty><key>identifier</key><value/></odePagStructureProperty><odePagStructureProperty><key>cssClass</key><value/></odePagStructureProperty></odePagStructureProperties><odeComponents><odeComponent><odePageId>20251123211357GWWXXK</odePageId><odeBlockId>20251123211357WQOKVH</odeBlockId><odeIdeviceId>202511232001529824OT</odeIdeviceId><odeIdeviceTypeName>text</odeIdeviceTypeName><htmlView>&lt;div class="exe-text-template"&gt;&lt;div class="textIdeviceContent"&gt;
            &lt;div class="exe-text-activity"&gt;
                &lt;div&gt;&lt;p&gt;&lt;strong&gt;Flipped Learning:&lt;/strong&gt; la parte teórica de nuestra SdA estará colgada online para que nuestro alumnado la repase en casa y aproveche las sesiones en clase para practicar y mejorar su expresión.&lt;/p&gt;
&lt;p&gt;&lt;strong&gt;Aprendizaje basado en el juego: &lt;/strong&gt;utilizaremos diversas aplicaciones y plataformas en línea que incorporan elementos de juego para hacer que el aprendizaje sea más atractivo y efectivo.&lt;/p&gt;&lt;p class="clearfix"&gt;&lt;/p&gt;&lt;/div&gt;
            &lt;/div&gt;&lt;/div&gt;&lt;/div&gt;</htmlView><jsonProperties>{"ideviceId":"202511232001529824OT","textInfoDurationInput":"","textInfoDurationTextInput":"Duración","textInfoParticipantsInput":"","textInfoParticipantsTextInput":"Agrupamiento","textTextarea":"&lt;p&gt;&lt;strong&gt;Flipped Learning:&lt;/strong&gt; la parte teórica de nuestra SdA estará colgada online para que nuestro alumnado la repase en casa y aproveche las sesiones en clase para practicar y mejorar su expresión.&lt;/p&gt;\n&lt;p&gt;&lt;strong&gt;Aprendizaje basado en el juego: &lt;/strong&gt;utilizaremos diversas aplicaciones y plataformas en línea que incorporan elementos de juego para hacer que el aprendizaje sea más atractivo y efectivo.&lt;/p&gt;","textFeedbackInput":"Mostrar retroalimentación","textFeedbackTextarea":""}</jsonProperties><odeComponentsOrder>1</odeComponentsOrder><odeComponentsProperties><odeComponentsProperty><key>visibility</key><value>true</value></odeComponentsProperty><odeComponentsProperty><key>teacherOnly</key><value>false</value></odeComponentsProperty><odeComponentsProperty><key>identifier</key><value/></odeComponentsProperty><odeComponentsProperty><key>cssClass</key><value/></odeComponentsProperty></odeComponentsProperties></odeComponent></odeComponents></odePagStructure></odePagStructures></odeNavStructure><odeNavStructure><odePageId>20251123211357OQIVFL</odePageId><odeParentPageId>20251123211357EDUJBS</odeParentPageId><pageName>Vinculación con los Proyectos y Programas del Centro</pageName><odeNavStructureOrder>4</odeNavStructureOrder><odeNavStructureProperties><odeNavStructureProperty><key>titleNode</key><value/></odeNavStructureProperty><odeNavStructureProperty><key>titleHtml</key><value/></odeNavStructureProperty><odeNavStructureProperty><key>editableInPage</key><value>false</value></odeNavStructureProperty><odeNavStructureProperty><key>titlePage</key><value>Vinculación con los Proyectos y Programas del Centro</value></odeNavStructureProperty><odeNavStructureProperty><key>visibility</key><value>true</value></odeNavStructureProperty><odeNavStructureProperty><key>description</key><value/></odeNavStructureProperty></odeNavStructureProperties><odePagStructures><odePagStructure><odePageId>20251123211357OQIVFL</odePageId><odeBlockId>20251123211357HGXZZU</odeBlockId><blockName>Texto</blockName><iconName/><odePagStructureOrder>1</odePagStructureOrder><odePagStructureProperties><odePagStructureProperty><key>visibility</key><value>true</value></odePagStructureProperty><odePagStructureProperty><key>teacherOnly</key><value>false</value></odePagStructureProperty><odePagStructureProperty><key>allowToggle</key><value>true</value></odePagStructureProperty><odePagStructureProperty><key>minimized</key><value>false</value></odePagStructureProperty><odePagStructureProperty><key>identifier</key><value/></odePagStructureProperty><odePagStructureProperty><key>cssClass</key><value/></odePagStructureProperty></odePagStructureProperties><odeComponents><odeComponent><odePageId>20251123211357OQIVFL</odePageId><odeBlockId>20251123211357HGXZZU</odeBlockId><odeIdeviceId>202511232009358544KX</odeIdeviceId><odeIdeviceTypeName>text</odeIdeviceTypeName><htmlView>&lt;div class="exe-text-template"&gt;&lt;div class="textIdeviceContent"&gt;
            &lt;div class="exe-text-activity"&gt;
                &lt;div&gt;&lt;p&gt;Esta SdA está enmarcada dentro del programa de actividades planificadas para contribuir a la coeducación en el &lt;strong&gt;Programa de Coeducación del Centro.&lt;/strong&gt;&lt;/p&gt;&lt;p class="clearfix"&gt;&lt;/p&gt;&lt;/div&gt;
            &lt;/div&gt;&lt;/div&gt;&lt;/div&gt;</htmlView><jsonProperties>{"ideviceId":"202511232009358544KX","textInfoDurationInput":"","textInfoDurationTextInput":"Duración","textInfoParticipantsInput":"","textInfoParticipantsTextInput":"Agrupamiento","textTextarea":"&lt;p&gt;Esta SdA está enmarcada dentro del programa de actividades planificadas para contribuir a la coeducación en el &lt;strong&gt;Programa de Coeducación del Centro.&lt;/strong&gt;&lt;/p&gt;","textFeedbackInput":"Mostrar retroalimentación","textFeedbackTextarea":""}</jsonProperties><odeComponentsOrder>1</odeComponentsOrder><odeComponentsProperties><odeComponentsProperty><key>visibility</key><value>true</value></odeComponentsProperty><odeComponentsProperty><key>teacherOnly</key><value>false</value></odeComponentsProperty><odeComponentsProperty><key>identifier</key><value/></odeComponentsProperty><odeComponentsProperty><key>cssClass</key><value/></odeComponentsProperty></odeComponentsProperties></odeComponent></odeComponents></odePagStructure></odePagStructures></odeNavStructure><odeNavStructure><odePageId>20251123211357QFVDOA</odePageId><odeParentPageId>20251123211357EDUJBS</odeParentPageId><pageName>Actividades Complementarias y Extraescolares</pageName><odeNavStructureOrder>5</odeNavStructureOrder><odeNavStructureProperties><odeNavStructureProperty><key>titleNode</key><value/></odeNavStructureProperty><odeNavStructureProperty><key>titleHtml</key><value/></odeNavStructureProperty><odeNavStructureProperty><key>editableInPage</key><value>false</value></odeNavStructureProperty><odeNavStructureProperty><key>titlePage</key><value>Actividades Complementarias y Extraescolares</value></odeNavStructureProperty><odeNavStructureProperty><key>visibility</key><value>true</value></odeNavStructureProperty><odeNavStructureProperty><key>description</key><value/></odeNavStructureProperty></odeNavStructureProperties><odePagStructures><odePagStructure><odePageId>20251123211357QFVDOA</odePageId><odeBlockId>20251123211357DOFFYA</odeBlockId><blockName>Texto</blockName><iconName/><odePagStructureOrder>1</odePagStructureOrder><odePagStructureProperties><odePagStructureProperty><key>visibility</key><value>true</value></odePagStructureProperty><odePagStructureProperty><key>teacherOnly</key><value>false</value></odePagStructureProperty><odePagStructureProperty><key>allowToggle</key><value>true</value></odePagStructureProperty><odePagStructureProperty><key>minimized</key><value>false</value></odePagStructureProperty><odePagStructureProperty><key>identifier</key><value/></odePagStructureProperty><odePagStructureProperty><key>cssClass</key><value/></odePagStructureProperty></odePagStructureProperties><odeComponents><odeComponent><odePageId>20251123211357QFVDOA</odePageId><odeBlockId>20251123211357DOFFYA</odeBlockId><odeIdeviceId>202511232013096778B7</odeIdeviceId><odeIdeviceTypeName>text</odeIdeviceTypeName><htmlView>&lt;div class="exe-text-template"&gt;&lt;div class="textIdeviceContent"&gt;
            &lt;div class="exe-text-activity"&gt;
                &lt;div&gt;&lt;p&gt;No hay ninguna actividad complementaria ni extraescolar vinculada a esta SdA.&lt;/p&gt;&lt;p class="clearfix"&gt;&lt;/p&gt;&lt;/div&gt;
            &lt;/div&gt;&lt;/div&gt;&lt;/div&gt;</htmlView><jsonProperties>{"ideviceId":"202511232013096778B7","textInfoDurationInput":"","textInfoDurationTextInput":"Duración","textInfoParticipantsInput":"","textInfoParticipantsTextInput":"Agrupamiento","textTextarea":"&lt;p&gt;No hay ninguna actividad complementaria ni extraescolar vinculada a esta SdA.&lt;/p&gt;","textFeedbackInput":"Mostrar retroalimentación","textFeedbackTextarea":""}</jsonProperties><odeComponentsOrder>1</odeComponentsOrder><odeComponentsProperties><odeComponentsProperty><key>visibility</key><value>true</value></odeComponentsProperty><odeComponentsProperty><key>teacherOnly</key><value>false</value></odeComponentsProperty><odeComponentsProperty><key>identifier</key><value/></odeComponentsProperty><odeComponentsProperty><key>cssClass</key><value/></odeComponentsProperty></odeComponentsProperties></odeComponent></odeComponents></odePagStructure></odePagStructures></odeNavStructure><odeNavStructure><odePageId>20251123211357ZUIULF</odePageId><odeParentPageId>20251123211357EDUJBS</odeParentPageId><pageName>Descarga este eXe</pageName><odeNavStructureOrder>6</odeNavStructureOrder><odeNavStructureProperties><odeNavStructureProperty><key>titleNode</key><value/></odeNavStructureProperty><odeNavStructureProperty><key>titleHtml</key><value/></odeNavStructureProperty><odeNavStructureProperty><key>editableInPage</key><value>false</value></odeNavStructureProperty><odeNavStructureProperty><key>titlePage</key><value>Descarga este eXe</value></odeNavStructureProperty><odeNavStructureProperty><key>visibility</key><value>true</value></odeNavStructureProperty><odeNavStructureProperty><key>description</key><value/></odeNavStructureProperty></odeNavStructureProperties><odePagStructures><odePagStructure><odePageId>20251123211357ZUIULF</odePageId><odeBlockId>20251123211357XCWIAP</odeBlockId><blockName>Descargar el archivo fuente</blockName><iconName/><odePagStructureOrder>1</odePagStructureOrder><odePagStructureProperties><odePagStructureProperty><key>visibility</key><value>true</value></odePagStructureProperty><odePagStructureProperty><key>teacherOnly</key><value>false</value></odePagStructureProperty><odePagStructureProperty><key>allowToggle</key><value>true</value></odePagStructureProperty><odePagStructureProperty><key>minimized</key><value>false</value></odePagStructureProperty><odePagStructureProperty><key>identifier</key><value/></odePagStructureProperty><odePagStructureProperty><key>cssClass</key><value/></odePagStructureProperty></odePagStructureProperties><odeComponents><odeComponent><odePageId>20251123211357ZUIULF</odePageId><odeBlockId>20251123211357XCWIAP</odeBlockId><odeIdeviceId>20251123202139910I2S</odeIdeviceId><odeIdeviceTypeName>download-source-file</odeIdeviceTypeName><htmlView>&lt;div class="exe-download-package-instructions"&gt;&lt;table class="exe-table exe-package-info"&gt;&lt;caption&gt;Información general sobre este recurso educativo&lt;/caption&gt;
&lt;tbody&gt;
&lt;tr&gt;
&lt;th&gt;Título&lt;/th&gt;
&lt;td&gt;CONCRECCIÓN CURRICULAR de la SdA "Let them speak!"&lt;/td&gt;
&lt;/tr&gt;
&lt;tr&gt;
&lt;th&gt;Descripción&lt;/th&gt;
&lt;td&gt;SdA de inglés 2º de la ESO "Let them speak!"&lt;/td&gt;
&lt;/tr&gt;
&lt;tr&gt;
&lt;th&gt;Autoría&lt;/th&gt;
&lt;td&gt;Mª del Pilar Álvarez Iglesias&lt;/td&gt;
&lt;/tr&gt;
&lt;tr&gt;
&lt;th&gt;Licencia&lt;/th&gt;
&lt;td&gt;creative commons: attribution - share alike 4.0&lt;/td&gt;
&lt;/tr&gt;
&lt;/tbody&gt;
&lt;/table&gt;
&lt;p style="text-align: center;"&gt;Este contenido fue creado con &lt;a href="http://exelearning.net/"&gt;eXeLearning&lt;/a&gt;, el editor libre y de fuente abierta diseñado para crear recursos educativos.&lt;/p&gt;&lt;/div&gt;&lt;p class="exe-download-package-link"&gt;&lt;a download="exe-package:elp-name" href="exe-package:elp" style="background-color:#107275;color:#ffffff;"&gt;Descargar el archivo .elpx&lt;/a&gt;&lt;/p&gt;</htmlView><jsonProperties/><odeComponentsOrder>1</odeComponentsOrder><odeComponentsProperties><odeComponentsProperty><key>visibility</key><value>true</value></odeComponentsProperty><odeComponentsProperty><key>teacherOnly</key><value>false</value></odeComponentsProperty><odeComponentsProperty><key>identifier</key><value/></odeComponentsProperty><odeComponentsProperty><key>cssClass</key><value/></odeComponentsProperty></odeComponentsProperties></odeComponent></odeComponents></odePagStructure></odePagStructures></odeNavStructure></odeNavStructures></ode>
